IDfg,Name,Season,WAR,WAR_pred_2026
518876,Merrill Kelly,2025,3.121217,3.0448127
543101,Anthony DeSclafani,2025,-0.681723,2.9952886
543391,Casey Kelly,2025,-0.0136313,3.0142806
543518,Scott McGough,2025,-0.1335814,2.9898558
571946,Shelby Miller,2025,0.6360314,3.3551817
573009,Joe Mantiply,2025,-0.464626,2.9998264
593958,Eduardo Rodriguez,2025,1.26504,2.4996407
595928,John Curtiss,2025,0.0102159,2.9867506
605463,Tayler Scott,2025,-0.565627,3.3393703
608665,Kendall Graveman,2025,-0.23519,2.9998264
620454,José Castillo,2025,-0.0720938,3.3300066
622503,Nabil Crismatt,2025,0.114066,2.9589305
640462,A.J. Puk,2025,-0.00159355,2.9827647
656222,Jalen Beeks,2025,0.161106,3.3587306
656257,Jeff Brigham,2025,-0.0453302,2.9998264
656420,J.P. Feyereisen,2025,-0.2138621,2.9998264
656464,Kevin Ginkel,2025,0.193175,2.9805307
657044,Ryan Thompson,2025,0.222978,2.9785357
663765,Jake Woodford,2025,-0.00525876,2.9563634
666661,Juan Morillo,2025,0.26779,3.3007815
668678,Zac Gallen,2025,1.06321,2.518439
669194,Ryne Nelson,2025,2.0352,2.6918259
669203,Corbin Burnes,2025,0.747699,3.3348947
669459,Kyle Nelson,2025,-0.161116,3.044001
670950,Trevor Richards,2025,0.09683398,2.9998264
674072,Tommy Henry,2025,-0.16527,2.9583352
679775,Kyle Backhus,2025,-0.0437477,2.9563506
679885,Justin Martinez,2025,0.0829549,3.0179043
685314,Andrew Saalfrank,2025,0.450291,3.0088568
686228,Juan Burgos,2025,-0.3327285,2.9998264
686753,Drey Jameson,2025,-0.132321,2.991209
686826,Bryce Jarvis,2025,-0.0270752,2.9898558
687166,Austin Pope,2025,0.00387494,2.9579256
688497,Taylor Rashi,2025,0.415276,2.9656756
691441,Cristian Mena,2025,0.0503778,3.0426877
691769,Philip Abner,2025,0.0641767,2.9756463
694297,Brandon Pfaadt,2025,1.65436,2.4526842
694851,Andrew Hoffmann,2025,-0.243796,2.9805307
700270,Yilber Díaz,2025,-0.031101,2.9998264
801216,Christian Montes De Oca,2025,0.0204986,3.0426877
805299,Brandyn Garcia,2025,0.1999735,2.9998264
519008,T.J. McFarland,2025,-0.053837,2.9998264
543518,Scott McGough,2025,-0.1335814,2.9898558
547184,Michael Kelly,2025,-0.158729,3.324003
600917,José Leclerc,2025,-0.256709,2.9998264
605488,Jeffrey Springs,2025,1.73298,2.4240522
621053,Tyler Ferguson,2025,0.29412,2.9554915
622663,Luis Severino,2025,2.54014,2.5191646
622780,Angel Perdomo,2025,-0.0335532,3.044001
640454,Matt Krook,2025,0.0572884,2.9998264
641386,Ben Bowden,2025,-0.0875599,2.958064
656794,Sean Newcomb,2025,1.718964,3.0488667
663687,Hogan Harris,2025,0.554578,3.3039885
665660,Elvis Alvarado,2025,0.105087,3.342089
668716,Noah Murdock,2025,0.0384663,3.3393703
669372,J.T. Ginn,2025,0.753791,2.705611
669620,Brady Basso,2025,0.0683477,2.9579256
669920,Jason Alexander,2025,0.24354,2.7023942
671305,Michel Otañez,2025,-0.260209,2.9998264
674370,Osvaldo Bido,2025,-0.564825,2.6815765
674384,Eduarniel Núñez,2025,-0.1969308,2.9805307
676664,JP Sears,2025,0.474853,2.4102204
678022,Jack Perkins,2025,0.360644,3.3694172
679922,Carlos Duran,2025,-0.0445267,2.9998264
680684,Gunnar Hoglund,2025,-0.419048,2.9805307
680880,Grant Holman,2025,0.0101569,2.9805307
682052,Jacob Lopez,2025,1.24634,2.4998043
683155,Joey Estes,2025,-0.3376,2.9998264
686930,Mason Barnett,2025,0.164252,2.9805307
686993,Justin Sterner,2025,0.341874,3.3551817
687424,Anthony Maldonado,2025,-0.200522,2.9998264
687765,Mitch Spence,2025,-0.0460291,2.6735613
695243,Mason Miller,2025,2.04478,3.4509406
806960,Luis Morales,2025,0.457552,3.3401973
445926,Jesse Chavez,2025,-0.305383,2.9998264
450203,Charlie Morton,2025,0.3162455,2.3793995
471911,Carlos Carrasco,2025,-0.1597519,2.8054595
518886,Craig Kimbrel,2025,0.000185682,2.9579256
519242,Chris Sale,2025,3.60047,3.3223
572955,Pierce Johnson,2025,0.288777,3.3096833
593576,Héctor Neris,2025,-0.133694,3.3323112
593833,Wander Suero,2025,-0.21531,2.9998264
605154,John Brebbia,2025,-0.2418428,2.9805307
605507,Zach Thompson,2025,0.0551848,3.0426877
606160,Rafael Montero,2025,0.07763207,2.9057705
606303,Joel Payamps,2025,-0.07763883,2.9805307
607200,Erick Fedde,2025,-0.1764477,2.5195339
607481,Aaron Bummer,2025,0.42454,3.3254688
614179,José Ruiz,2025,-0.18875473,2.9998264
615698,Cal Quantrill,2025,0.365973,2.6944816
625643,Reynaldo López,2025,-0.074568,2.9998264
628452,Raisel Iglesias,2025,0.9988,3.365099
641540,Dane Dunning,2025,-0.0955088,2.9805307
641755,Tyler Kinley,2025,0.925249,2.7611864
643361,Kevin Herget,2025,0.124195,2.987612
656240,Scott Blewett,2025,-0.456192,3.317469
656550,Grant Holmes,2025,0.871843,2.7053578
656848,Michael Petersen,2025,-0.0300835,2.9785357
657756,Connor Seabold,2025,0.0178773,2.9563506
660761,José Suarez,2025,0.201027,2.9528162
660853,Enyel De Los Santos,2025,0.4206896,2.551414
664747,Alexis Díaz,2025,-0.6126444,2.9793136
666214,Joey Wentz,2025,1.136933,2.6860058
669276,Dylan Lee,2025,0.316196,3.3662987
669721,Davis Daniel,2025,0.0120151,2.9898558
675911,Spencer Strider,2025,0.922653,2.5416105
676702,Hunter Stratton,2025,-0.0793574,2.9805307
678226,Daysbel Hernández,2025,-0.351228,3.351368
680735,Austin Cox,2025,-0.570558,2.9998264
680885,Spencer Schwellenbach,2025,2.39636,2.7662458
686249,Nathan Wiles,2025,0.0197419,2.9998264
689266,Dylan Dodd,2025,0.154085,2.978253
691548,Rolddy Muñoz,2025,-0.197971,2.9805307
693821,Bryce Elder,2025,0.880269,2.3677454
694462,Hurston Waldrep,2025,1.20035,3.0917017
700363,AJ Smith-Shawver,2025,0.562935,3.320036
800311,Didier Fuentes,2025,-0.475442,2.9998264
802686,Hayden Harris,2025,-0.0261771,2.9719133
450203,Charlie Morton,2025,0.3162455,2.3793995
502043,Kyle Gibson,2025,-0.643053,2.9998264
544150,Albert Suárez,2025,0.343835,2.9780002
547001,Cody Poteet,2025,-0.00983142,2.9998264
552640,Andrew Kittredge,2025,0.822315,2.9747348
608372,Tomoyuki Sugano,2025,0.0577894,2.2991786
608650,Dietrich Enns,2025,0.530572,3.3101065
620454,José Castillo,2025,-0.0720938,3.3300066
621107,Zach Eflin,2025,-0.255215,2.237618
621199,Matt Bowman,2025,-0.0103541,2.9805307
622554,Seranthony Domínguez,2025,0.866573,3.37305
641329,Bryan Baker,2025,0.483041,2.8603036
642397,Gregory Soto,2025,0.736585,3.1324005
642585,Félix Bautista,2025,0.610102,3.3916461
656240,Scott Blewett,2025,-0.456192,3.317469
656686,Corbin Martin,2025,-0.216308,2.9805307
660730,Elvin Rodríguez,2025,-0.513863,2.9998264
664744,Jose Espada,2025,0.086526,3.0426877
664991,Grant Wolfram,2025,0.221585,3.3323112
665152,Dean Kremer,2025,2.57356,2.6480436
666974,Yennier Cano,2025,0.0589279,2.780371
669211,Keegan Akin,2025,-0.533148,3.2917519
669330,Tyler Wells,2025,0.31655,3.0106452
669432,Trevor Rogers,2025,3.33331,3.3616676
669704,Kade Strowd,2025,0.228585,3.0204594
670329,Rico Garcia,2025,0.259539,2.9857204
672335,Cionel Pérez,2025,-0.219437,3.3516068
672710,Roansy Contreras,2025,-0.065653,2.9982443
680694,Kyle Bradish,2025,1.12429,3.028263
681869,Shawn Dubin,2025,-0.14227,2.9805307
681882,Colin Selby,2025,0.0859651,2.9773462
682274,Yaramil Hiraldo,2025,-0.00799821,2.9654136
685068,Carson Ragsdale,2025,-0.023668,2.9998264
687064,Brandon Young,2025,-0.0656338,2.780371
694646,Chayce McDermott,2025,-0.371201,2.9998264
700249,Cade Povich,2025,1.38152,2.7047942
458677,Justin Wilson,2025,1.02157,3.3042505
476594,Robert Stock,2025,-0.106055,2.9998264
521230,Liam Hendriks,2025,-0.0304989,3.000136
547973,Aroldis Chapman,2025,2.64485,3.371845
571927,Steven Matz,2025,1.1079515,2.807566
592254,José De León,2025,0.10424,2.9682968
595897,Nick Burdi,2025,0.0752345,2.9682057
605242,Michael Fulmer,2025,-0.0168614,2.9563506
608337,Lucas Giolito,2025,1.95099,2.5609992
621111,Walker Buehler,2025,-0.321467,2.4881222
656557,Tanner Houck,2025,-0.347235,2.8809419
656794,Sean Newcomb,2025,1.718964,3.0488667
657514,Brennan Bernardino,2025,0.602009,3.3568008
660896,Jorge Alcala,2025,-0.507118,2.761302
663462,Isaiah Campbell,2025,-0.0182189,2.9998264
663558,Jovani Morán,2025,0.0389347,2.9805307
663855,Jordan Hicks,2025,0.258415,2.6735613
669160,Dustin May,2025,0.7985463,2.5422602
669684,Chris Murphy,2025,-0.202617,3.3916461
669711,Greg Weissert,2025,0.680757,3.0632699
670174,Josh Winckowski,2025,0.150311,2.9785357
676477,Garrett Whitlock,2025,2.24529,3.21558
676979,Garrett Crochet,2025,5.78023,4.057684
677161,Zack Kelly,2025,0.36885,2.9759557
678394,Brayan Bello,2025,1.92223,2.336438
681867,Cooper Criswell,2025,-0.046924,2.9829671
686580,Justin Slaten,2025,0.397358,2.9651577
690916,Richard Fitts,2025,-0.319228,3.3396797
690928,Hunter Dobbins,2025,0.956251,3.1932507
690986,Kyle Harrison,2025,0.465723,3.3203866
692285,Luis Guerrero,2025,-0.0119461,3.374532
801139,Payton Tolle,2025,-0.197377,2.9805307
813349,Connelly Early,2025,1.10051,2.9473925
518489,Ryan Brasier,2025,0.298606,2.9617834
519141,Drew Pomeranz,2025,0.683976,3.3071089
519151,Ryan Pressly,2025,-0.345855,3.308131
552640,Andrew Kittredge,2025,0.822315,2.9747348
571510,Matthew Boyd,2025,3.43322,3.038233
573124,Taylor Rogers,2025,0.1668562,3.3393924
573204,Caleb Thielbar,2025,1.11038,3.034009
592791,Jameson Taillon,2025,1.1004,2.4528024
605242,Michael Fulmer,2025,-0.0168614,2.9563506
607067,Colin Rea,2025,1.85997,2.3397603
621139,Brooks Kriske,2025,0.01605827,3.3323112
623167,Chris Flexen,2025,-0.264104,2.9751782
641745,Brad Keller,2025,1.28312,3.4105778
647336,Michael Soroka,2025,1.0985431,2.7690763
650644,Aaron Civale,2025,0.90711411,2.6765835
650893,Génesis Cabrera,2025,-0.92443165,2.9822319
657006,Justin Steele,2025,0.0489722,2.974064
657240,Julian Merryweather,2025,-0.0955464,2.9998264
663878,Nate Pearson,2025,-0.178848,2.9998264
665871,Javier Assad,2025,0.337368,2.9736884
668970,Gavin Hollowell,2025,-0.0335233,2.9656756
669212,Eli Morgan,2025,-0.272264,2.9998264
676680,Tom Cosgrove,2025,0.0558361,3.0088568
676962,Ben Brown,2025,1.0714,2.71327
681432,Luke Little,2025,-0.0441346,3.0314772
681799,Ethan Roberts,2025,-0.236147,2.9908109
684007,Shota Imanaga,2025,0.888154,2.4940786
687863,Porter Hodge,2025,-0.641113,3.3416362
690990,Cade Horton,2025,2.15277,2.5819743
694037,Daniel Palencia,2025,0.951378,3.296304
696136,Jordan Wicks,2025,0.140244,2.9998264
527048,Martín Pérez,2025,0.835449,3.38263
592155,Cam Booser,2025,-0.567856,3.331094
605182,Mike Clevinger,2025,-0.107163,2.9793136
605288,Adrian Houser,2025,2.283514,2.5725474
612434,Miguel Castro,2025,-0.13307,2.9793136
621051,Steven Wilson,2025,0.415843,3.3345451
641302,Tyler Alexander,2025,1.264734,2.680401
650644,Aaron Civale,2025,0.90711411,2.6765835
656186,Dan Altavilla,2025,-0.204933,3.388423
656457,Tyler Gilbert,2025,0.406995,3.3281653
663436,Davis Martin,2025,1.27388,2.5002387
663542,Bryan Hudson,2025,-0.09944733,2.9656756
665625,Elvis Peguero,2025,-0.0064173,2.9805307
669060,Bryse Wilson,2025,-0.505188,2.8054595
669391,Owen White,2025,-0.0100273,2.9998264
669449,Jake Palisch,2025,0.00796715,2.9998264
672782,Yoendrys Gómez,2025,0.1263604,2.7809072
673929,Jordan Leasure,2025,0.519717,3.305347
673965,Caleb Freeman,2025,-0.0551234,2.9998264
678024,Mike Vasil,2025,0.433529,3.1910908
680732,Sean Burke,2025,0.713538,2.7819786
681343,Shane Smith,2025,2.18609,2.805221
682171,Penn Murfee,2025,-0.127335,2.9998264
682790,Wikelman González,2025,0.282675,3.03691
685126,Brandon Eisert,2025,0.07888,2.6844153
686563,Jonathan Cannon,2025,0.386894,2.6860058
686642,Fraser Ellard,2025,-0.0196913,3.368378
691799,Grant Taylor,2025,1.70708,3.2884095
694363,Jared Shuster,2025,0.211955,2.9998264
489119,Wade Miley,2025,-0.129949,2.9998264
573124,Taylor Rogers,2025,0.1668562,3.3393924
594580,Sam Moll,2025,-0.0894666,2.9793136
605130,Scott Barlow,2025,0.113386,2.7561464
607259,Nick Martinez,2025,2.0896,2.352667
608718,Brent Suter,2025,0.0774889,2.822488
641793,Zack Littell,2025,1.462229,2.2240086
641941,Emilio Pagán,2025,1.03497,3.4605918
663574,Tony Santillan,2025,1.05288,3.4293282
663903,Brady Singer,2025,2.87763,2.8174312
664139,Ian Gibaut,2025,0.120549,2.9759557
664747,Alexis Díaz,2025,-0.6126444,2.9793136
665665,Reiver Sanmartin,2025,0.0216551,2.952507
666157,Nick Lodolo,2025,2.80705,3.0498393
668881,Hunter Greene,2025,2.90451,2.9962492
668933,Graham Ashcraft,2025,1.6137,2.5366693
671096,Andrew Abbott,2025,3.93031,3.0753684
680689,Lyon Richardson,2025,0.127921,3.317456
682825,Luis Mey,2025,-0.17805,3.3185701
683175,Connor Phillips,2025,0.185784,3.062094
686730,Carson Spiers,2025,-0.00157941,2.9898558
686747,Joe La Sorsa,2025,-0.376322,2.9998264
687209,Zach Maxwell,2025,-0.097981,2.9656756
691094,Randy Wynne,2025,-0.0217963,2.987612
691172,Yosver Zulueta,2025,-0.0411248,3.0462108
695505,Chase Burns,2025,1.37366,3.3028743
695534,Chase Petty,2025,-0.283088,2.9998264
594902,Ben Lively,2025,0.365808,3.3269587
596001,Jakob Junis,2025,0.587753,3.211562
623149,Paul Sewald,2025,0.0282616,2.9711084
661403,Emmanuel Clase,2025,1.09679,2.9827647
663465,Kolby Allard,2025,0.706366,3.2364237
663474,Triston McKenzie,2025,-0.12152,2.9998264
663671,Nic Enright,2025,0.229906,2.9690106
668909,Gavin Williams,2025,1.44096,2.8119488
670036,Matt Festa,2025,0.806774,3.262475
671106,Logan Allen,2025,1.71855,2.3156188
671922,Cade Smith,2025,2.71342,3.246619
672578,Carlos Hernández,2025,0.1465903,2.9822319
675989,Cody Bolton,2025,0.0274534,2.9998264
676282,Joey Cantillo,2025,1.50145,2.7214816
676440,Tanner Bibee,2025,1.86808,2.5446966
677944,Slade Cecconi,2025,0.72255,2.5105438
680951,Doug Nikhazy,2025,0.00649828,2.9805307
681870,Erik Sabrowski,2025,0.320409,3.3722398
682120,Tim Herrin,2025,-0.441972,3.317456
682847,Luis L. Ortiz,2025,0.925967,2.6814308
683769,Hunter Gaddis,2025,0.844563,3.3024445
687849,Zak Kent,2025,0.111246,2.9656756
689958,Andrew Walters,2025,-0.0648652,2.9998264
800048,Parker Messick,2025,0.989976,2.9821935
518397,Scott Alexander,2025,-0.5522334,2.9998264
596295,Austin Gomber,2025,-0.364536,2.7036388
607536,Kyle Freeland,2025,2.45036,2.8513582
608566,Germán Márquez,2025,0.298399,2.4811773
622608,Antonio Senzatela,2025,-0.0881309,2.434592
623433,Nick Anderson,2025,-0.0129308,2.9859636
623474,Jimmy Herget,2025,1.25025,3.2755547
641755,Tyler Kinley,2025,0.925249,2.7611864
656234,Jake Bird,2025,0.452401,2.761302
656458,Lucas Gilbreath,2025,-0.0383437,2.9898648
663372,Ryan Feltner,2025,0.39592,2.9656756
669020,Ryan Rolison,2025,-0.677252,2.903581
672710,Roansy Contreras,2025,-0.065653,2.9982443
675848,Juan Mejia,2025,0.691963,3.1679509
677955,Jaden Hill,2025,0.294396,2.987612
678020,Seth Halvorsen,2025,-0.256116,3.3416362
678821,Luis Peralta,2025,-0.749072,3.3516068
680767,Victor Vodnik,2025,0.531209,3.3291123
683409,Angel Chivilli,2025,-0.701247,2.7215946
683627,Anthony Molina,2025,-0.554198,2.9756591
685299,Tanner Gordon,2025,0.562784,2.4923913
685326,McCade Brown,2025,-0.339561,3.3345335
687134,Bradley Blalock,2025,-0.98395,2.7036388
687223,Carson Palmquist,2025,-0.599916,2.903581
688642,Zach Agnos,2025,-0.372711,3.3416362
699911,Dugan Darnell,2025,-0.0464571,2.9682555
801403,Chase Dollander,2025,0.100419,2.7038066
450203,Charlie Morton,2025,0.3162455,2.3793995
592426,Luke Jackson,2025,-0.16363589,3.3120668
592454,Tommy Kahnle,2025,-0.246574,2.9644897
605154,John Brebbia,2025,-0.2418428,2.9805307
606160,Rafael Montero,2025,0.07763207,2.9057705
608650,Dietrich Enns,2025,0.530572,3.3101065
623149,Paul Sewald,2025,0.0282616,2.9711084
628317,Kenta Maeda,2025,-0.0970898,2.9898558
640448,Kyle Finnegan,2025,1.225785,3.3020968
656427,Jack Flaherty,2025,2.54201,2.9379723
656638,Alex Lange,2025,0.00027992,2.9718027
657424,Matt Gage,2025,0.5264027,2.9719133
663432,Tanner Rainey,2025,0.05043073,2.9793136
663554,Casey Mize,2025,2.37766,2.7229981
663947,Tyler Holton,2025,-0.159304,2.5611014
663978,Chris Paddack,2025,0.701333,2.4985576
664129,Geoff Hartlieb,2025,-0.1569491,2.9998264
664353,José Urquidy,2025,-0.0058387,2.9998264
669373,Tarik Skubal,2025,6.63608,4.3561687
669724,Brenan Hanifee,2025,0.638614,3.241271
672456,Keider Montero,2025,0.130966,2.6897452
672578,Carlos Hernández,2025,0.1465903,2.9822319
674944,Sean Guenther,2025,0.134841,2.9898558
675512,Troy Melton,2025,0.146263,3.3800435
676051,Codi Heuer,2025,-0.1890259,3.0175443
676428,Brant Hurter,2025,0.605351,3.2918916
676684,Will Vest,2025,1.76593,3.0558176
681857,Reese Olson,2025,1.37944,3.3234003
681916,Dylan Smith,2025,-0.00324194,3.0426877
687074,Tyler Owens,2025,-0.0241717,2.9773319
687830,Sawyer Gipson-Long,2025,-0.269201,2.973727
689225,Beau Brieske,2025,-0.461602,2.9898558
690544,Bailey Horn,2025,-0.0238061,2.9579256
695445,Chase Lee,2025,-0.089939,2.9667146
695549,Jackson Jobe,2025,0.0669092,3.3101065
805427,Drew Sommers,2025,-0.115253,2.9998264
518886,Craig Kimbrel,2025,0.000185682,2.9579256
593576,Héctor Neris,2025,-0.133694,3.3323112
595345,Steven Okert,2025,1.59185,3.4552867
605463,Tayler Scott,2025,-0.565627,3.3393703
606160,Rafael Montero,2025,0.07763207,2.9057705
607179,Jordan Weems,2025,-0.0153528,2.9998264
621121,Lance McCullers Jr.,2025,-0.190961,2.7728493
623352,Josh Hader,2025,1.09942,3.1716557
641585,J.P. France,2025,0.0613755,3.01208
650556,Bryan Abreu,2025,2.23329,3.4721491
656986,Bennett Sousa,2025,1.09177,3.3265152
660853,Enyel De Los Santos,2025,0.4206896,2.551414
663321,Nick Hernandez,2025,-0.171029,2.9898558
664285,Framber Valdez,2025,4.01694,3.3467662
664299,Cristian Javier,2025,0.852807,3.3123467
664351,Luis Contreras,2025,-0.0621859,2.9898558
666215,Forrest Whitley,2025,-0.1621887,2.9998264
669713,Hayden Wesneski,2025,0.180566,2.9656847
669854,Ronel Blanco,2025,0.592638,3.3407507
669920,Jason Alexander,2025,0.24354,2.7023942
672391,Kaleb Ort,2025,-0.31712,3.318196
676467,Colton Gordon,2025,0.0444232,2.4938545
677651,Luis Garcia,2025,0.0799784,3.062094
680701,John Rooney,2025,-0.0976806,3.040778
681151,Jayden Murray,2025,0.262582,2.955772
681293,Spencer Arrighetti,2025,-0.0917129,3.3333163
681869,Shawn Dubin,2025,-0.14227,2.9805307
686613,Hunter Brown,2025,4.57586,3.6943061
687473,Ryan Gusto,2025,0.828634,2.4855402
687888,Brandon Walter,2025,0.826515,2.9974065
687911,Bryan King,2025,0.703043,2.9029503
701121,Logan VanWey,2025,-0.0804283,2.9998264
805123,AJ Blubaugh,2025,0.135203,3.0426877
448179,Rich Hill,2025,-0.204958,2.9898558
547179,Michael Lorenzen,2025,1.23788,2.4087546
607625,Seth Lugo,2025,0.496512,2.5304163
608032,Carlos Estévez,2025,1.09296,3.357404
608379,Michael Wacha,2025,3.63693,2.9293718
608717,Chris Stratton,2025,-0.0568414,2.9998264
640451,Hunter Harvey,2025,0.488614,3.0426877
641672,Thomas Hatch,2025,-0.3153196,3.3323112
663460,Kris Bubic,2025,3.34132,2.9782143
663559,Bailey Falter,2025,0.53878247,2.4761178
663568,Stephen Kolek,2025,1.704963,2.6870108
663738,Daniel Lynch IV,2025,-0.167907,3.0900106
664199,Taylor Clarke,2025,0.329316,3.0588708
666142,Cole Ragans,2025,2.08258,2.9658165
668674,Lucas Erceg,2025,0.85936,3.1271057
669674,Sam Long,2025,-0.363449,3.3200746
670167,John Schreiber,2025,0.314056,3.2567563
670950,Trevor Richards,2025,0.09683398,2.9998264
672582,Angel Zerpa,2025,0.319156,2.8473241
674444,Steven Cruz,2025,0.15176,3.331121
679883,Luinder Avila,2025,0.222406,3.0426877
680742,Jonathan Bowlan,2025,0.209824,3.3149266
681895,Evan Sisk,2025,0.229069,2.9729965
686701,Ryan Bergert,2025,1.002601,2.9132938
694851,Andrew Hoffmann,2025,-0.243796,2.9805307
702070,Noah Cameron,2025,1.81704,2.5082412
445276,Kenley Jansen,2025,0.614452,3.3890126
472610,Luis García,2025,0.7465585,3.3291123
519326,Hunter Strickland,2025,0.046033,2.9854612
542881,Tyler Anderson,2025,0.110748,2.6914787
543294,Kyle Hendricks,2025,1.81682,2.278444
570632,José Ureña,2025,-0.0731734,3.2706497
579328,Yusei Kikuchi,2025,2.46521,2.720404
593576,Héctor Neris,2025,-0.133694,3.3323112
596112,Robert Stephenson,2025,0.107294,3.028263
605177,Andrew Chafin,2025,0.376493,3.3291123
605218,Carl Edwards Jr.,2025,-0.0231563,3.0249863
608334,Carson Fulmer,2025,-0.00139453,2.9847465
641312,Shaun Anderson,2025,-0.502995,2.9998264
641401,Connor Brogdon,2025,-0.298118,3.001837
650671,José Quijada,2025,0.0162103,3.012071
656271,Brock Burke,2025,0.273803,3.101511
657053,Touki Toussaint,2025,0.0319693,2.9998264
666120,Ian Anderson,2025,-0.139252,2.9998264
666171,Ryan Zeferjahn,2025,-0.60976,2.7461739
667755,José Soriano,2025,2.96378,2.7583635
671109,Jake Eder,2025,-0.08287,2.9654136
671111,Sammy Peralta,2025,0.173229,2.9998264
672282,Reid Detmers,2025,1.20865,3.2662451
680729,Garrett McDaniels,2025,-0.278591,2.9998264
681217,Chase Silseth,2025,0.0727412,2.9579256
682989,Victor Mederos,2025,-0.280158,2.9805307
686799,Jack Kochanowicz,2025,-0.589273,2.7002678
690382,Michael Darrell-Hicks,2025,-0.0103565,2.9805307
690829,Ben Joyce,2025,-0.155491,3.000136
691951,Sam Aldegheri,2025,-0.272139,2.9998264
696147,Sam Bachman,2025,0.187528,2.9898558
696270,Ryan Johnson,2025,-0.149982,2.9998264
702674,Caden Dana,2025,-0.371362,3.3416362
815083,Mitch Farris,2025,0.149373,2.9898558
820862,José Fermin,2025,-0.532908,3.3683782
472610,Luis García,2025,0.7465585,3.3291123
477132,Clayton Kershaw,2025,2.50664,2.7563243
489446,Kirby Yates,2025,-0.0904061,3.3396797
570632,José Ureña,2025,-0.0731734,3.2706497
571760,Andrew Heaney,2025,-0.2890596,2.7140868
592779,Brock Stewart,2025,0.6844533,2.9751782
595014,Blake Treinen,2025,-0.0509802,3.3265183
605483,Blake Snell,2025,1.8926,3.2755501
607192,Tyler Glasnow,2025,1.62889,3.0202324
607455,Anthony Banda,2025,0.0580715,3.3606055
608717,Chris Stratton,2025,-0.0568414,2.9998264
623465,Evan Phillips,2025,0.2237,3.0088568
642152,Lou Trivino,2025,-0.001972,3.330316
642759,Julian Fernández,2025,-0.1026046,3.0440102
656420,J.P. Feyereisen,2025,-0.2138621,2.9998264
656629,Michael Kopech,2025,0.0296683,3.0314772
656945,Tanner Scott,2025,-0.0233939,2.91517
660271,Shohei Ohtani,2025,1.9281,2.9739416
663562,Noah Davis,2025,-0.739352,2.9998264
664062,Tony Gonsolin,2025,-0.138645,3.3416362
664747,Alexis Díaz,2025,-0.6126444,2.9793136
669160,Dustin May,2025,0.7985463,2.5422602
669193,Jack Little,2025,0.0262814,2.9998264
669422,Matt Sauer,2025,-0.116466,2.9805307
672782,Yoendrys Gómez,2025,0.1263604,2.7809072
676263,Jack Dreyer,2025,1.69045,3.3877006
676272,Bobby Miller,2025,-0.111449,2.9998264
676508,Ben Casparius,2025,1.26598,2.4843376
680736,Justin Wrobleski,2025,1.51898,2.7665465
681911,Alex Vesia,2025,0.971724,3.3708494
683618,Edgardo Henriquez,2025,0.287318,2.966314
686218,Emmet Sheehan,2025,2.08115,3.273212
689017,Landon Knack,2025,-0.123542,3.3277361
694361,Will Klein,2025,0.259654,2.9579256
702795,Ryan Loutos,2025,-0.3894028,2.9998264
801434,Paul Gervase,2025,-0.2114149,2.9656756
808963,Roki Sasaki,2025,-0.065057,3.3069139
808967,Yoshinobu Yamamoto,2025,4.99639,3.7567465
615698,Cal Quantrill,2025,0.365973,2.6944816
622786,Jesus Tinoco,2025,0.177915,2.9952886
645261,Sandy Alcantara,2025,1.74272,2.4890604
656848,Michael Petersen,2025,-0.0300835,2.9785357
661527,Seth Martinez,2025,-0.149778,3.0440102
663969,Tyler Phillips,2025,0.148279,3.2757354
665795,Edward Cabrera,2025,2.0171,2.851927
666277,George Soriano,2025,-0.686749,2.903581
669199,Lake Bachar,2025,0.135484,2.710005
669622,Anthony Bender,2025,0.445375,3.3660827
673820,Robinson Piña,2025,-0.078064058,2.9998264
675540,Xzavion Curry,2025,-0.0675204,2.9998264
676083,Janson Junk,2025,2.53987,2.438032
676206,Freddy Tarnok,2025,0.0135134,3.062094
676534,Calvin Faucher,2025,-0.0171647,3.3096833
676604,Tyler Zuber,2025,-0.1709203,2.9998264
676974,Max Meyer,2025,0.517431,2.7393441
677960,Ryan Weathers,2025,0.194376,2.9736884
678215,Luarbert Arias,2025,-0.105695,2.9998264
678368,Valente Bellozo,2025,-0.180725,2.7023942
678692,Ronny Henriquez,2025,1.34458,3.2122705
681006,Josh Simpson,2025,-0.418208,3.3293996
685005,Christian Roa,2025,0.000366325,3.022351
685107,Anthony Veneziano,2025,-0.1952073,2.9563506
687287,Patrick Monteverde,2025,0.0619036,2.9998264
687362,Connor Gillispie,2025,-0.0486356,2.9682941
687473,Ryan Gusto,2025,0.828634,2.4855402
691587,Eury Pérez,2025,1.87071,2.6377783
800049,Adam Mazur,2025,0.127019,2.9656756
806188,Cade Gibson,2025,0.314692,3.329181
500779,Jose Quintana,2025,0.846161,2.4687684
571946,Shelby Miller,2025,0.6360314,3.3551817
605540,Brandon Woodruff,2025,1.76773,3.183654
606303,Joel Payamps,2025,-0.07763883,2.9805307
607200,Erick Fedde,2025,-0.1764477,2.5195339
641302,Tyler Alexander,2025,1.264734,2.680401
641482,Nestor Cortes,2025,-0.944566,3.3293996
642239,Rob Zastryzny,2025,-0.0184761,3.0366426
642547,Freddy Peralta,2025,3.62018,3.3088558
650644,Aaron Civale,2025,0.90711411,2.6765835
656730,Trevor Megill,2025,1.5519,3.1244996
657649,Jared Koenig,2025,0.892044,3.0796049
660730,Elvin Rodríguez,2025,-0.513863,2.9998264
663542,Bryan Hudson,2025,-0.09944733,2.9656756
665625,Elvis Peguero,2025,-0.0064173,2.9805307
668834,Easton McGee,2025,0.0973908,3.000136
668964,Tobias Myers,2025,0.379286,3.335057
669084,DL Hall,2025,0.367936,3.3832667
669145,Bruce Zimmermann,2025,-0.156819,2.9898558
671162,Connor Thomas,2025,-0.234174,2.9998264
676879,Aaron Ashby,2025,1.24087,3.295135
681982,Grant Anderson,2025,0.401082,3.1416569
682842,Abner Uribe,2025,1.68833,3.4101014
682990,Quinn Priester,2025,1.88013,2.484207
683232,Nick Mears,2025,0.456566,2.9800375
684974,Craig Yoho,2025,-0.150473,2.9805307
688107,Robert Gasser,2025,-0.0566431,2.9667897
692230,Carlos Rodriguez,2025,0.00501911,2.9998264
694477,Chad Patrick,2025,2.55682,2.9199798
694819,Jacob Misiorowski,2025,1.23296,2.865142
701656,Logan Henderson,2025,0.812326,3.0088568
541640,Erasmo Ramírez,2025,-0.111549,2.977341
543056,Danny Coulombe,2025,0.658021,3.3403502
543859,Michael Tonkin,2025,-0.0989275,2.963522
570632,José Ureña,2025,-0.0731734,3.2706497
592779,Brock Stewart,2025,0.6844533,2.9751782
621139,Brooks Kriske,2025,0.01605827,3.3323112
623437,Justin Topa,2025,0.920132,3.1906445
641154,Pablo López,2025,1.80727,3.27137
641672,Thomas Hatch,2025,-0.3153196,3.3323112
641927,Bailey Ober,2025,1.1657,2.3308587
643377,Griffin Jax,2025,1.697703,2.816292
650893,Génesis Cabrera,2025,-0.92443165,2.9822319
656240,Scott Blewett,2025,-0.456192,3.317469
657746,Joe Ryan,2025,3.12278,3.1924489
660896,Jorge Alcala,2025,-0.507118,2.761302
661395,Jhoan Duran,2025,2.119305,3.1408322
663485,Cole Sands,2025,0.796612,2.779823
663562,Noah Davis,2025,-0.739352,2.9998264
663978,Chris Paddack,2025,0.701333,2.4985576
664948,Anthony Misiewicz,2025,-0.197532,2.9898558
666214,Joey Wentz,2025,1.136933,2.6860058
670766,Darren McCaughan,2025,0.1375,2.955772
671737,Taj Bradley,2025,1.773398,2.5759683
677976,Randy Dobnak,2025,-0.0623791,3.0426877
680573,Simeon Woods Richardson,2025,1.15596,2.507914
681892,Kody Funderburk,2025,0.426132,3.3236938
686973,Louis Varland,2025,1.241656,3.2709045
689520,Cody Laweryson,2025,0.309134,3.0426877
690953,Mick Abel,2025,0.058542,3.317469
701487,Pierson Ohl,2025,0.119569,2.9805307
701519,Travis Adams,2025,-0.292784,3.3081439
701581,David Festa,2025,0.330423,2.899043
805673,Zebby Matthews,2025,1.36064,2.6860058
548384,Brooks Raley,2025,0.760361,3.062094
570632,José Ureña,2025,-0.0731734,3.2706497
592773,Ryne Stanek,2025,0.0668072,2.8403165
593423,Frankie Montas,2025,-0.0172832,3.3081439
605280,Clay Holmes,2025,1.90866,2.359142
606965,Chris Devenski,2025,0.147869,3.0426877
620454,José Castillo,2025,-0.0720938,3.3300066
621057,Justin Garza,2025,0.00500382,2.9908109
621112,Paul Blackburn,2025,0.1718486,2.9563634
621242,Edwin Díaz,2025,2.01276,3.2215703
621345,A.J. Minter,2025,0.322831,3.01208
621363,Colin Poche,2025,-0.191955,3.3516068
623211,Huascar Brazobán,2025,0.368006,3.2825692
640455,Sean Manaea,2025,0.443989,2.4909134
642397,Gregory Soto,2025,0.736585,3.1324005
643361,Kevin Herget,2025,0.124195,2.987612
643511,Tyler Rogers,2025,1.304757,2.9182546
647315,Zach Pop,2025,-0.415122,2.9998264
650893,Génesis Cabrera,2025,-0.92443165,2.9822319
656288,Griffin Canning,2025,0.946477,2.5946584
656731,Tylor Megill,2025,1.49646,2.794212
656849,David Peterson,2025,3.1409,2.9565284
657585,Reed Garrett,2025,0.773058,3.2768826
663399,Brandon Waddell,2025,-0.0667587,2.9827647
663795,Justin Hagenman,2025,0.171195,2.974064
663992,Richard Lovelady,2025,-0.2843082,2.9898558
664849,Danny Young,2025,0.241974,2.9563506
664854,Ryan Helsley,2025,0.249073,3.1609805
668820,Max Kranick,2025,0.29362,2.9682646
670329,Rico Garcia,2025,0.259539,2.9857204
673380,Dedniel Núñez,2025,0.079466,3.0252538
673540,Kodai Senga,2025,1.40456,2.513728
676130,José Buttó,2025,0.4556746,2.8469734
676604,Tyler Zuber,2025,-0.1709203,2.9998264
681810,Austin Warren,2025,0.0661819,3.01208
686654,Ty Adcock,2025,-0.0368498,3.0417573
687075,Brandon Sproat,2025,0.626346,2.9711084
687589,Dom Hamel,2025,-0.0156004,2.9718027
690997,Nolan McLean,2025,1.20677,3.3357754
692024,Alex Carrillo,2025,-0.483494,2.9998264
694918,Blade Tidwell,2025,-0.286854,2.9998264
702752,Jonathan Pintaro,2025,-0.0197426,2.9998264
804636,Jonah Tong,2025,0.196092,2.9998264
471911,Carlos Carrasco,2025,-0.1597519,2.8054595
493603,Adam Ottavino,2025,-0.0288612,3.012071
518585,Fernando Cruz,2025,0.776668,3.3592257
554431,Tyler Matzek,2025,0.0568393,2.9724228
573186,Marcus Stroman,2025,0.0720766,3.3081439
596133,Luke Weaver,2025,0.463338,3.326679
607074,Carlos Rodón,2025,3.2266,3.1893783
608331,Max Fried,2025,4.77274,3.6603556
621112,Paul Blackburn,2025,0.1718486,2.9563634
641656,Ian Hamilton,2025,0.0397669,3.373811
642207,Devin Williams,2025,1.35473,2.9105306
642216,Allan Winans,2025,-0.117731,2.9998264
642232,Ryan Yarbrough,2025,0.0908813,2.9253087
642528,Jonathan Loáisiga,2025,-0.536005,2.9531271
643410,Mark Leiter Jr.,2025,0.596397,3.0302043
656234,Jake Bird,2025,0.452401,2.761302
657376,Clarke Schmidt,2025,1.2772,3.0406544
657612,Tim Hill,2025,-0.0204207,3.3043196
660787,Yerry De los Santos,2025,0.323366,3.3291123
661563,Luis Gil,2025,0.562179,3.3185701
664123,Scott Effross,2025,0.0235112,2.9998264
664129,Geoff Hartlieb,2025,-0.1569491,2.9998264
664141,JT Brubaker,2025,0.3786909,2.9631462
666808,Camilo Doval,2025,0.6219438,3.1907778
670280,David Bednar,2025,2.049936,3.1899617
670329,Rico Garcia,2025,0.259539,2.9857204
672782,Yoendrys Gómez,2025,0.1263604,2.7809072
682144,Jayvien Sandridge,2025,-0.104946,2.9998264
687396,Brent Headrick,2025,0.115299,3.028263
690925,Clayton Beeter,2025,0.180708,3.3738108
693645,Cam Schlittler,2025,1.30749,3.3358448
701542,Will Warren,2025,2.08645,2.6934602
502085,David Robertson,2025,-0.11569,2.958326
554430,Zack Wheeler,2025,4.03952,3.5131168
592836,Taijuan Walker,2025,0.51125,2.6638012
605400,Aaron Nola,2025,0.926307,2.705611
605447,Jordan Romano,2025,-0.370201,2.8842852
605452,Joe Ross,2025,-0.14726,2.9595928
614179,José Ruiz,2025,-0.18875473,2.9998264
621111,Walker Buehler,2025,-0.321467,2.4881222
621237,José Alvarado,2025,0.349444,2.9785357
621381,Matt Strahm,2025,1.53769,3.3265152
621383,Tanner Banks,2025,0.776675,2.7680376
624133,Ranger Suárez,2025,4.03661,3.0992987
641835,Tim Mayza,2025,0.0386483,2.9785357
642016,Daniel Robert,2025,-0.0536618,2.947784
642152,Lou Trivino,2025,-0.001972,3.330316
650911,Cristopher Sánchez,2025,6.40023,4.4476748
660604,Alan Rangel,2025,-0.00229545,2.9773319
661395,Jhoan Duran,2025,2.119305,3.1408322
666200,Jesús Luzardo,2025,5.33505,3.7218246
672578,Carlos Hernández,2025,0.1465903,2.9822319
675650,Michael Mercado,2025,-0.0851686,2.9998264
676510,Nolan Hoffman,2025,0.0126309,2.9998264
676661,Max Lazar,2025,-0.202779,2.9711084
676969,Brett de Geus,2025,-0.0346438,3.019821
686751,Seth Johnson,2025,-0.0192163,2.9602985
689147,Orion Kerkering,2025,0.707042,3.1041355
690953,Mick Abel,2025,0.058542,3.317469
571760,Andrew Heaney,2025,-0.2890596,2.7140868
621366,Ryan Borucki,2025,0.0130967,3.3123467
641835,Tim Mayza,2025,0.0386483,2.9785357
642701,Dennis Santana,2025,1.16915,3.4159973
650893,Génesis Cabrera,2025,-0.92443165,2.9822319
656605,Mitch Keller,2025,2.49283,2.7085998
657571,Caleb Ferguson,2025,0.802849,3.298456
663432,Tanner Rainey,2025,0.05043073,2.9793136
663559,Bailey Falter,2025,0.53878247,2.4761178
663767,Chase Shugart,2025,-0.0655302,3.3597565
664294,Dauri Moreta,2025,0.145273,2.987612
664875,Justin Lawrence,2025,0.482042,3.01208
666214,Joey Wentz,2025,1.136933,2.6860058
669387,Carmen Mlodzinski,2025,1.64725,2.6923687
670059,Colin Holderman,2025,-0.455172,3.3516068
670280,David Bednar,2025,2.049936,3.1899617
670912,Johan Oviedo,2025,0.227032,3.384355
670990,Yohan Ramírez,2025,0.170282,3.3416362
676702,Hunter Stratton,2025,-0.0793574,2.9805307
676742,Cam Sanders,2025,-0.17421,2.9998264
676755,Isaac Mattson,2025,0.641258,3.388423
677952,Braxton Ashcraft,2025,1.58055,3.2706966
681347,Mike Burrows,2025,1.31057,2.7125714
681895,Evan Sisk,2025,0.229069,2.9729965
682995,Hunter Barco,2025,0.140444,2.9579346
690382,Michael Darrell-Hicks,2025,-0.0103565,2.9805307
693312,Kyle Nicolas,2025,0.170737,3.317194
694973,Paul Skenes,2025,6.50251,4.370346
696149,Bubba Chandler,2025,0.947174,2.9768212
802419,Thomas Harrington,2025,-0.288735,2.9998264
506433,Yu Darvish,2025,0.370817,2.7993693
592094,Jason Adam,2025,1.2452,3.1050932
593974,Wandy Peralta,2025,0.487226,3.0529122
601713,Nick Pivetta,2025,3.67349,3.3412929
606996,Kyle Hart,2025,-0.161353,2.9635348
641482,Nestor Cortes,2025,-0.944566,3.3293996
650633,Michael King,2025,0.837729,3.2484317
656302,Dylan Cease,2025,3.39768,3.1964908
663158,Robert Suarez,2025,1.91206,3.4434085
663362,Matt Waldron,2025,-0.146447,2.9998264
663568,Stephen Kolek,2025,1.704963,2.6870108
663773,Bryan Hoeing,2025,0.0886211,2.9719133
669093,Jeremiah Estrada,2025,1.04482,3.319133
669308,Sean Reynolds,2025,-0.256,3.374172
670810,Logan Gillaspie,2025,-0.169949,2.9773319
670970,Adrian Morejon,2025,2.2432,3.2416508
673513,Yuki Matsui,2025,-0.316013,3.2707448
674384,Eduarniel Núñez,2025,-0.1969308,2.9805307
676664,JP Sears,2025,0.474853,2.4102204
676760,Ron Marinaccio,2025,0.214334,3.0426877
678316,Omar Cruz,2025,0.0319848,2.9656756
681190,Randy Vásquez,2025,0.804134,2.4736156
686701,Ryan Bergert,2025,1.002601,2.9132938
688158,David Morgan,2025,0.291901,3.3568008
689690,Alek Jacob,2025,-0.432456,3.3323112
695243,Mason Miller,2025,2.04478,3.4509406
699134,Bradgley Rodriguez,2025,0.102857,3.0426877
434378,Justin Verlander,2025,2.24914,2.6802673
518397,Scott Alexander,2025,-0.5522334,2.9998264
592662,Robbie Ray,2025,2.18404,2.718179
642152,Lou Trivino,2025,-0.001972,3.330316
643511,Tyler Rogers,2025,1.304757,2.9182546
657277,Logan Webb,2025,5.52848,3.9868438
657424,Matt Gage,2025,0.5264027,2.9719133
663546,Sean Hjelle,2025,-0.118625,2.9998264
663855,Jordan Hicks,2025,0.258415,2.6735613
663941,Tristan Beck,2025,-0.0259507,2.965223
664141,JT Brubaker,2025,0.3786909,2.9631462
664192,Joey Lucchesi,2025,0.0506947,2.9736884
666711,Joel Peguero,2025,0.0197621,3.028263
666808,Camilo Doval,2025,0.6219438,3.1907778
669062,Erik Miller,2025,0.0718798,3.309706
676130,José Buttó,2025,0.4556746,2.8469734
676254,Ryan Walker,2025,0.61986,3.162596
676775,Keaton Winn,2025,0.0577826,2.9563506
678495,Randy Rodríguez,2025,1.44035,3.016825
678906,Kai-Wei Teng,2025,0.336389,3.3416362
686790,Trevor McDonald,2025,0.42251,2.9473925
687931,Carson Whisenhunt,2025,-0.415183,2.9898558
690986,Kyle Harrison,2025,0.465723,3.3203866
693313,Carson Seymour,2025,-0.639438,2.9759557
694738,Landen Roupp,2025,1.12316,2.4633355
696131,Mason Black,2025,-0.0670704,2.9952886
702352,Spencer Bivens,2025,0.428872,2.7049742
806185,Hayden Birdsong,2025,-0.0150777,2.7464468
534910,Jesse Hahn,2025,-0.231807,2.9998264
592426,Luke Jackson,2025,-0.16363589,3.3120668
596271,Casey Lawrence,2025,0.02903398,2.9682968
620454,José Castillo,2025,-0.0720938,3.3300066
622379,Luis F. Castillo,2025,0.00021118,2.9998264
622491,Luis Castillo,2025,2.63069,2.7950122
642048,Tayler Saucedo,2025,-0.096758,2.9998264
642100,Gabe Speier,2025,1.70297,3.0256617
646242,Jhonathan Díaz,2025,0.0203745,3.0394645
647315,Zach Pop,2025,-0.415122,2.9998264
657571,Caleb Ferguson,2025,0.802849,3.298456
660825,Eduard Bazardo,2025,0.508148,3.4336925
662253,Andrés Muñoz,2025,1.9051,3.3582418
663423,Trent Thornton,2025,-0.287518,3.3228889
663804,Jackson Kowar,2025,-0.240868,2.9573429
666374,Matt Brash,2025,0.765939,3.3096833
666619,Gregory Santos,2025,-0.231715,2.9805307
666659,Sauryn Lao,2025,-0.0262042,2.9756463
668984,Casey Legumina,2025,-0.102708,2.8629556
669302,Logan Gilbert,2025,2.55063,3.1048648
669923,George Kirby,2025,2.3983,2.9185402
672841,Carlos Vargas,2025,-0.585248,2.6922305
676092,Collin Snider,2025,0.227043,2.9805307
676106,Emerson Hancock,2025,-0.0370389,2.6770015
680604,Blas Castaño,2025,-0.0922074,2.9998264
682243,Bryce Miller,2025,0.0259454,2.6953309
686228,Juan Burgos,2025,-0.3327285,2.9998264
688138,Logan Evans,2025,-0.0503691,2.4891849
693433,Bryan Woo,2025,3.61303,3.357289
700187,Troy Taylor,2025,-0.173531,2.9998264
805299,Brandyn Garcia,2025,0.1999735,2.9998264
543243,Sonny Gray,2025,3.56707,3.313278
571927,Steven Matz,2025,1.1079515,2.807566
571945,Miles Mikolas,2025,0.294219,2.263639
607200,Erick Fedde,2025,-0.1764477,2.5195339
660896,Jorge Alcala,2025,-0.507118,2.761302
664208,Phil Maton,2025,1.536276,3.3698485
664854,Ryan Helsley,2025,0.249073,3.1609805
667463,John King,2025,-0.431305,3.2170687
668941,JoJo Romero,2025,0.884646,3.273942
669461,Matthew Liberatore,2025,1.78582,2.3269932
669467,Andre Pallante,2025,0.724239,2.3228297
675919,Nick Raquet,2025,0.0256049,3.0426877
676617,Riley O'Brien,2025,0.314377,3.3690166
681517,Kyle Leahy,2025,1.3815,2.8195944
681676,Ryan Fernandez,2025,-0.303029,3.3081439
682610,Roddery Muñoz,2025,-0.255039,2.9793136
685107,Anthony Veneziano,2025,-0.1952073,2.9563506
688297,Chris Roycroft,2025,-0.109025,2.9998264
694335,Matt Svanson,2025,0.99131,3.3696063
700241,Michael McGreevy,2025,0.894511,2.4844322
700669,Gordon Graceffo,2025,0.470708,2.6237373
701552,Andre Granillo,2025,0.017089,2.9666307
605288,Adrian Houser,2025,2.283514,2.5725474
641329,Bryan Baker,2025,0.483041,2.8603036
641793,Zack Littell,2025,1.462229,2.2240086
642121,Cole Sulser,2025,0.364878,2.966314
643377,Griffin Jax,2025,1.697703,2.816292
655889,Manuel Rodríguez,2025,0.674783,2.9473925
656876,Drew Rasmussen,2025,2.54607,2.765162
657756,Connor Seabold,2025,0.0178773,2.9563506
664076,Garrett Cleavinger,2025,0.724644,3.3730347
664126,Pete Fairbanks,2025,0.965919,3.357404
666215,Forrest Whitley,2025,-0.1621887,2.9998264
669358,Shane Baz,2025,1.9601,2.6664715
669438,Mason Englert,2025,0.557336,2.9736884
669947,Jesse Scholtens,2025,0.103111,2.9898558
670183,Garrett Acton,2025,-0.0399163,3.012071
670955,Edwin Uceta,2025,0.861576,2.659838
671212,Joe Boyle,2025,0.47169,3.235387
671737,Taj Bradley,2025,1.773398,2.5759683
677961,Cole Wilcox,2025,-0.0478629,2.9998264
679358,Eric Orze,2025,0.339667,3.3393924
680702,Joey Gerber,2025,-0.000898957,3.0394645
682254,Mason Montgomery,2025,0.274012,2.95737
685801,Hunter Bigge,2025,-0.217926,2.9995966
686752,Ryan Pepiot,2025,2.035,2.8189764
687003,Brian Van Belle,2025,0.00883348,2.9998264
687330,Kevin Kelly,2025,-0.516537,2.9688659
693855,Ian Seymour,2025,1.07991,3.2649837
697812,Joe Rock,2025,0.0345174,2.955772
801434,Paul Gervase,2025,-0.2114149,2.9656756
455119,Chris Martin,2025,0.551467,2.9769719
518876,Merrill Kelly,2025,3.121217,3.0448127
542888,Shawn Armstrong,2025,1.35128,3.448117
543056,Danny Coulombe,2025,0.658021,3.3403502
543135,Nathan Eovaldi,2025,3.73122,3.3160863
571578,Patrick Corbin,2025,1.86918,2.351957
571948,Hoby Milner,2025,0.962241,2.8002062
592351,Jon Gray,2025,-0.436896,2.9898558
592426,Luke Jackson,2025,-0.16363589,3.3120668
594798,Jacob deGrom,2025,3.39144,3.3363566
605218,Carl Edwards Jr.,2025,-0.0231563,3.0249863
641540,Dane Dunning,2025,-0.0955088,2.9805307
641816,Tyler Mahle,2025,1.92842,3.0401075
642520,Gerson Garabito,2025,0.0254923,2.9998264
656641,Jacob Latz,2025,1.26039,3.2484317
657097,Jacob Webb,2025,0.221322,3.3551817
664208,Phil Maton,2025,1.536276,3.3698485
668390,Cole Winn,2025,0.210333,3.3638604
676051,Codi Heuer,2025,-0.1890259,3.0175443
676395,Robert Garcia,2025,0.529504,3.2812514
676961,Caleb Boushley,2025,0.214331,2.9687498
677958,Kumar Rocker,2025,0.277264,2.7635243
681168,Luis Curvelo,2025,0.0306887,2.9898558
683004,Jack Leiter,2025,2.25827,2.8198981
687847,Marc Church,2025,-0.0227258,2.9682555
692030,Jose Corniell,2025,-0.216881,2.9998264
453286,Max Scherzer,2025,0.399321,2.7087789
554340,Yimi García,2025,0.121171,3.0307894
570632,José Ureña,2025,-0.0731734,3.2706497
592332,Kevin Gausman,2025,4.1013,3.4347465
596271,Casey Lawrence,2025,0.02903398,2.9682968
605135,Chris Bassitt,2025,2.43015,2.73086
605513,Spencer Turnbull,2025,-0.0698168,2.9998264
606930,Jacob Barnes,2025,0.00568776,2.9998264
621114,Ryan Burr,2025,0.059305,3.01208
621244,José Berríos,2025,1.2971,2.4882104
621366,Ryan Borucki,2025,0.0130967,3.3123467
622253,Dillon Tate,2025,-0.0891657,2.9531271
622554,Seranthony Domínguez,2025,0.866573,3.37305
641778,Eric Lauer,2025,1.37301,2.5036662
643338,Chad Green,2025,-0.937248,2.9563634
656546,Jeff Hoffman,2025,-0.377377,2.6926198
657024,Erik Swanson,2025,-0.241684,2.9998264
663893,Brendon Little,2025,1.26182,3.437032
663992,Richard Lovelady,2025,-0.2843082,2.9898558
667297,Tommy Nance,2025,0.756287,2.9606311
669456,Shane Bieber,2025,0.295098,2.9624634
670102,Bowden Francis,2025,-0.843794,2.7595606
673820,Robinson Piña,2025,-0.078064058,2.9998264
677020,Josh Walker,2025,0.137174,2.9998264
677865,Justin Bruihl,2025,0.0178024,2.9998264
680704,Nick Sandlin,2025,0.0458144,3.0172362
680755,Braydon Fisher,2025,0.812014,3.1480098
681751,Lazaro Estrada,2025,-0.0715143,2.9998264
684320,Yariel Rodríguez,2025,0.0979668,3.4173908
686973,Louis Varland,2025,1.241656,3.2709045
687606,Paxton Schultz,2025,0.132547,2.9563506
687922,Easton Lucas,2025,-0.0436449,2.9898558
689254,Mason Fluharty,2025,0.189873,3.3277376
702056,Trey Yesavage,2025,0.447,2.9773319
472610,Luis García,2025,0.7465585,3.3291123
592866,Trevor Williams,2025,1.17415,2.692857
605177,Andrew Chafin,2025,0.376493,3.3291123
605347,Jorge López,2025,0.291649,2.794823
608371,Lucas Sims,2025,-0.450768,3.3323112
621363,Colin Poche,2025,-0.191955,3.3516068
640448,Kyle Finnegan,2025,1.225785,3.3020968
642759,Julian Fernández,2025,-0.1026046,3.0440102
647336,Michael Soroka,2025,1.0985431,2.7690763
663455,Konnor Pilkington,2025,-0.464821,3.317194
663623,Jake Irvin,2025,-0.390692,2.2195234
666168,Mason Thompson,2025,-0.114698,2.9998264
666659,Sauryn Lao,2025,-0.0262042,2.9756463
669022,MacKenzie Gore,2025,2.88901,3.0066235
669371,Cole Henry,2025,-0.266512,3.2914538
671131,Jackson Rutledge,2025,-0.490694,2.6943202
674285,Eduardo Salazar,2025,-0.486476,3.3274395
674841,Andrew Alvarez,2025,0.579665,3.0172362
676571,PJ Poulin,2025,0.159125,2.9682555
676917,Cade Cavalli,2025,0.457387,3.2822685
678606,Jose A. Ferrer,2025,1.37982,2.688222
680730,Mitchell Parker,2025,0.871114,2.2447557
687377,Orlando Ribalta,2025,-0.324344,3.3323112
690925,Clayton Beeter,2025,0.180708,3.3738108
691251,Andry Lara,2025,-0.125226,2.9998264
694350,Zach Brzykcy,2025,-0.335385,2.9805307
695418,Brad Lord,2025,1.24965,2.6895008
702795,Ryan Loutos,2025,-0.3894028,2.9998264
829272,Shinnosuke Ogasawara,2025,-0.516896,2.9822319
